id,political,racial/ethnic,religious,gender/sexual,other
ben_1b0d904c790e8cc4146ab5c6899b513c,0,0,0,0,0
ben_830a5a2e963a64d8325cd42653aeb5fa,0,0,0,0,0
ben_33fadf03c9cb3bc7c82699a82e7ed191,0,0,0,0,0
ben_47836a73cbfcbda3c64b4a9b6c8fb048,0,0,0,0,0
ben_b56b97e6a01792fa380431f43ab6f8ca,1,0,0,0,0
ben_f3fc976f8a3f9280ce89758fde94ccf1,0,0,0,0,0
ben_1ed9047f6c26a5ac9b7b25f3b8031f57,1,0,0,0,1
ben_90498fc5873f671f12218203423e8375,0,0,0,0,0
ben_61adb1531872d1e5b1c1cd252b29591f,0,0,0,0,0
ben_e195aaf219cf04a6087e7daa536d341b,0,0,0,0,0
ben_3021f0c2338984cfbe421bb4551904b5,0,0,0,0,1
ben_021f87f0ca1be0e53fbd3ef3d49c869c,0,0,0,0,0
ben_72cdd69bd53ff37f2c5a72e0fadbb8f0,0,0,0,0,0
ben_72e50f5d1ef9d1f6181d4d6a62258418,0,0,0,0,0
ben_5e28b70f2c5e4a0ebaf5e7af64782a15,0,0,0,0,0
ben_8e22ddb27cdfa06c1a8a290d3599d3de,1,0,0,0,0
ben_cfefa30fcc0d360aaa40b91422ffee78,1,0,0,0,0
ben_debbe2b5d5adf381fe7517bb2fb8dc20,0,0,0,0,0
ben_b1d63c1a3a9f3f3c9a4a5816c3801bb2,0,0,0,0,0
ben_41a85204eb33c8979e1055d2d9258bd5,0,0,0,0,0
ben_022278b5f2d3ca7fd0a58eddd83ba78e,0,0,0,0,0
ben_fbfb8cbee1fa6cb1fbfef5af5dec5830,1,0,0,0,0
ben_e51ca1af589338c0261336b60e845d4f,0,0,0,0,0
ben_756c980248a61cfa8519f744be5858bb,0,0,0,0,0
ben_866129fc038630d925ce376cc3559065,0,0,0,0,0
ben_b37b7c9bae7a4efd1705a5e57869017e,1,0,0,0,0
ben_21cd2d8e33cc2f7d40d33acd44e46255,0,0,0,0,0
ben_9d31a1f14c1c5c32c5b698122ce862bc,0,0,0,0,0
ben_42c695fe2e4759273d97c0316cec777d,0,0,0,0,0
ben_5ddef1513092c106523680d2f9c33ef9,0,0,0,0,0
ben_c8d53bf22c11f8a8f1b1260c5e401fe1,0,0,0,0,0
ben_ee33e49bca383e682b901e4155b4dca8,0,0,0,0,0
ben_5c5b0b14251fcf08fa6fe063873bc238,1,0,0,0,1
ben_3691b79d9d24121eee50c785c2a75ead,0,0,0,0,0
ben_78d102943541cc03c746cca5b0e7b14b,1,0,0,0,0
ben_1474f9cae869cb266c69da4654adbe01,0,0,0,0,0
ben_61a5baca4e75e776a97cda8b2335ce86,0,0,0,0,0
ben_dd4922f056c4697f808caa5f773eab83,0,0,0,0,0
ben_0ac389580f856105ec3fbb3acd070571,1,0,0,0,0
ben_bd0bd44978fedf86954a5eabdfc32bf5,0,0,0,0,0
ben_7011d02e471efa7cd224de2f4cdc1d32,0,0,0,0,0
ben_85f09d1cff02c3cc6dc0c4d6fb5cd11d,0,0,0,0,0
ben_94091757d6421a2a1b8c413c34558f7a,0,0,0,0,0
ben_026080f515f4ffdf553542f3ddedda66,1,0,0,0,0
ben_d4ad5ec1aa995d627915d025408bbd58,0,0,0,0,0
ben_b2981f33c3e615deb3483bd78d074ae5,0,0,0,0,0
ben_21c5cfd54a7b4fb31efea63e7b0da9a9,1,0,0,0,0
ben_93ad53eda997b30e18234324e65d6a1c,0,0,0,0,0
ben_b2cdecb098d77101a9fea9dd97e1dd8c,0,0,0,0,0
ben_5fef36829eb464af696463bf62ef4871,0,0,0,0,0
ben_396dff2a113008ab26ff1de936dcd384,0,0,0,0,0
ben_4e9a55f551ec18157600c047471901a9,0,0,0,0,0
ben_91851fc53eb0add4c6b0710732793557,0,0,0,0,0
ben_157fb18460f4947ef28b5b3c45758a6e,0,0,0,0,0
ben_0fceccdff3ce5dcd97d803450295bb67,0,0,0,0,0
ben_1ba3f757459e0e9686d27a53cdab0782,0,0,0,0,0
ben_4bb8cbea64aec8c7f6c9e0a08fb8d51f,0,0,0,0,0
ben_8743f8096fdbcd01f55d8837681bb875,0,0,0,0,0
ben_e6713b5a1cf26e78d074c55cce686360,1,0,0,0,0
ben_ba78a11949f45b88591d6eb2985c38f9,0,0,0,0,0
ben_b3ee05f68252aa7dcfbcd159225361bb,1,0,0,0,0
ben_fc1fb4464319f58ce846a3e4ca14af72,0,0,0,0,1
ben_dc91870f8dd1e5f0f2a5b4d1d8bbc7e7,0,0,0,0,0
ben_0c32637aedd22c4abf02c365f807c222,0,0,0,0,0
ben_f0047535c0f92be75cb028b6771db0cf,0,0,0,0,0
ben_55299ddd3790b66c7f4566d7fc777653,0,0,0,0,0
ben_a229d48366b6edb7caab01686b0d7237,1,0,0,0,1
ben_240087eae916ed7ffb7abbc8e4256bbe,0,0,0,0,0
ben_4b02eb6733e2e7d0dd85e4ed098be6ee,0,0,0,0,0
ben_91f89bf68633d485af89e451f19879a0,0,0,0,0,0
ben_0f528897b7f567350933d4cbb4f69eb6,0,0,0,0,0
ben_f1655ac67ac27b714d58aef0dba66695,0,0,0,0,0
ben_39d15cf3157e15beadf8b803a1bf40d3,0,0,0,0,0
ben_654f0098ca372da63ee4aaee5226fb42,0,0,0,0,0
ben_4785b9837a2b917b88f217d53b4ad708,1,0,0,0,0
ben_db9ae22cc437d6b5711a07cfcf9be39b,0,0,0,0,0
ben_fc0d43725eea30cec5f87fb23050f57a,1,0,0,0,1
ben_1f986c11a0667cc862b0495283cd6baf,1,0,0,0,0
ben_84d350faf92de16cb8cdb11144d44293,1,0,0,0,0
ben_a2e6e4a53b283519ead89f29295f046a,0,0,0,0,0
ben_4640c274506b32e78aa152275035ae7a,0,0,0,0,0
ben_5a033a379a40d66fc38b4bcff9053200,1,0,0,0,1
ben_55bd61c0cadf9f268bd91902abe7ff61,0,0,0,0,0
ben_08328ecd80af759f9868358160531556,0,0,0,0,0
ben_953398f700656bd8810c1dd551d781e4,0,0,0,0,0
ben_f1f95374468e30ada4f7af3ef96a70fe,0,0,0,0,0
ben_99563904ff3df8543194d3ccf4b6d3dc,0,0,0,0,0
ben_6d7e4d4888fbaabb3a0680e6a2964e8f,0,0,0,0,0
ben_feec748a3399a2df8301ad51176e5539,0,0,0,0,0
ben_96e65ebe6b85fc7bd4dfaca845289aa5,0,0,0,0,0
ben_ed0885959db2c6f2e283a104db0dbe8e,0,0,0,0,0
ben_314339e9e8e6486af32a3e8609d0b02f,0,0,0,0,0
ben_1fced24644ccdacdbab14c6459207d5f,1,0,0,0,0
ben_51b0176b7ea8ead467ccc457600ff197,0,0,0,0,0
ben_c60d0a60ba887809f9ffd89a5b544441,0,0,0,0,0
ben_58e83edf8050a188ea0833f069e031cf,0,0,0,0,0
ben_056067e725e61ffda1c8bf21b3b3f122,0,0,0,0,0
ben_a4bd62958524bff4048989922cf4d88e,0,0,0,0,0
ben_fb9306dc7d71e1c097dd0d4375976e78,0,0,0,0,0
ben_378ed6057716a10b06ed6d7d5c05591a,0,0,0,0,0
ben_5ab2419ac974aa610c62943cd7d3d0c2,0,0,0,0,0
ben_cfccdbe733025a0c1c1874dd3e7083a4,0,0,0,0,0
ben_cbf5cbd65922d855a8da196545bc1722,0,0,0,0,0
ben_43a43eb99caf8027dec26277fc7ec29b,0,0,0,0,0
ben_3ffaa83396cce80f8b334f448fc17e87,1,0,0,0,0
ben_f595b56bbfaf0e4540695adb0984d8e8,1,1,1,1,0
ben_42c7388f00d28c87d241cae66094cac1,0,0,0,0,0
ben_f756536885f42a9c50878b4a4e81ec71,1,0,0,0,0
ben_fbba76dd0bf7a3319a76e1caf9d9c6ff,0,0,0,0,0
ben_8e45534cc9ce0c77bb7496c44a822684,1,0,0,0,0
ben_93f9e51f1a1aa42f3d8ad056be5c11dd,0,0,0,0,0
ben_2d7896dd144f5e4a1472d1b8ba39d118,1,0,0,0,0
ben_6f0866a7e8508735ebb74eab0c844e4e,1,0,0,0,0
ben_d6bf3dbac2aaf6b0b06ce3cc9c9dc06a,1,0,0,0,0
ben_b72f6f49177013e51c3d7ad2b4ed5df7,1,0,0,0,0
ben_6ba255182a0204649502fbbfa1b05f1f,0,1,1,1,0
ben_df8fab2401d7cf7ea3096a83bf28f58f,1,0,0,0,1
ben_e1707586eb7277be24827eae3d02be92,1,0,0,0,0
ben_67f97217794dc83cdd4206fef12bdb1d,1,0,0,0,0
ben_66c40a3a76bb026de1441656c71852ad,1,0,0,0,0
ben_6f665e406f2e866b4f6b644d4b2ec4c4,0,0,0,0,0
ben_b94b97e8f3d45f9f30f3b9e723f3432f,1,0,0,0,0
ben_f7f6a6ed80477625e400d58ed510e76c,1,0,0,0,0
ben_6e6b1dfc983e8dc70b906a241905531c,0,0,0,0,0
ben_e48c451de14ad2c23588fff9d14b081e,0,0,1,0,0
ben_ad82dbac890f9a59e5023674feb126ac,1,0,0,0,0
ben_18984b081fbea5c37bd2e83f71b4152e,0,0,0,0,0
ben_f25b14fc62cd7523acd5435021f8f4ef,1,0,0,0,0
ben_f83c19722f80c07e47b70e627cc3a18e,0,0,0,0,0
ben_8197fb7f1bfafb6ed6587d021d66cc9b,1,0,0,0,0
ben_24b74b684499ad4bb358ce118ff74587,1,0,0,0,0
ben_923e2407da11a24b52f47c9124cc0e9d,1,0,0,0,0
ben_4e3efd4408a026af78352a0c28cfc8b3,0,0,0,0,0
ben_b4ac676079d1b81358d4b6d66b6c2f81,1,0,0,0,0
ben_1842af2fe0415d19317e1fdf24e74484,1,0,0,0,0
ben_4f5f1a6c7f46db077b44827ae5a7b23b,0,0,0,0,0
ben_11025f427d84d8f61e3c727fe5ef1d6d,1,0,0,0,0
ben_c5366a5ba75271bd862b5b8518df5a0f,0,0,0,0,0
ben_bd1055d88b19c4826bed004e3e2c618e,1,0,0,0,0
ben_b3b734891f4577c38d63d60fe7aa2d3a,1,0,0,0,0
ben_fb327d02becdec81f9759d97b6af3a54,1,0,0,0,0
ben_cc272af97db54a4a76299eb232f4f961,1,0,0,0,0
ben_06ee7dc983e3f3ff8691daf7f7b6fa41,0,0,0,0,0
ben_5b41f6950fe5c3b7e7ebcac430def4f3,1,0,0,0,0
ben_0ba4cd27b86a66ca7cad6ebd4ec162dc,1,0,0,0,0
ben_9b5e43e57009c13e222b81cfa2085a2c,0,0,0,0,0
ben_fe0b2e24a67da49e3f49dd29ffe083d8,1,0,0,0,0
ben_c1f010fcc4637965abdaebd77ea7447a,1,0,0,0,0
ben_91271101b21231fd5ff5cd229847c8af,1,0,1,0,0
ben_afc630e0e6cd03e8e2db08fc5d287732,1,0,0,0,0
ben_deaf823c8e54ff365ff4b309d635402f,1,0,0,0,1
ben_4a2a3b01d548442811915ce9719bd589,0,0,0,0,0
ben_cbed8c8f9966877efc57099cd36123c4,1,0,0,0,0
ben_9c847615f8cee70a80938c4749d2ef50,1,0,0,0,0
ben_eb770a3ad8f95de70d106da93a953d00,1,0,0,0,0
ben_61b4712d19c913cfc2a3f908d279da71,1,0,0,0,0
ben_7ab7107158bbfdd3518bc6042e4fca3c,1,0,0,0,0
ben_8c313f947eaf1cafdc543cd6935f2af7,1,0,0,0,0
ben_e7dd6142af14960e313b4f71a34e961e,1,0,0,0,0
ben_aa0bcbfb32fdbc91d98ae35768c1ea4e,1,0,0,0,0
ben_f40228875edded1fce30aaf347050bbb,1,0,0,0,0
ben_f8457fc6348139cd6eca6858b9bb1ae0,1,0,0,0,0
ben_f67c7bb2465227b2f4e8487ba0edaf17,1,0,0,0,0
ben_cd02085f07ebb51364321b25a6b6d3be,1,0,0,0,0
ben_8a9ca3f3bd39db6b602183d07989ab20,1,0,0,0,1
ben_54bfa86edef51bd8ed01252df8fc5859,1,0,0,0,0
