id,stereotype,vilification,dehumanization,extreme_language,lack_of_empathy,invalidation
hin_4e26c967ea5fd015078d088118fb623c,1,1,0,1,1,1
hin_ad83fddd1620ad95784072561ea3d3d0,0,0,0,0,0,1
hin_21522a5233b239644c874f8b52890d70,0,1,0,0,0,1
hin_b7fa87154f21b0abd1eac2c3973c7812,0,1,0,0,0,1
hin_d3e4ed943e52657cc4ad3c76d6747d60,1,1,0,1,1,1
hin_b53320f4c921336376be4337e001a090,1,1,0,1,1,1
hin_563e99abf72428a831e32601c4cd49ae,1,1,0,1,1,1
hin_67b0473bf263450a948dd715bd139d72,1,1,0,1,1,1
hin_6b4c55ce705ca0c6b53af5d7a4338873,1,1,0,1,1,1
hin_893387597924ed164584b4c0a0657fe8,1,1,0,1,1,1
hin_e26c21bcad58d5d7b4b9f1ddcd6d368d,1,1,0,1,1,1
hin_1d06204d471ba854c1877e74b920b91a,1,1,0,1,1,1
hin_1c965212a3ec017322fc01fc0bb7e26d,1,1,0,0,1,1
hin_b92221cf585deef0e6b66f4dad600876,1,1,0,1,1,1
hin_17cd454b648c636974eb89c191d57147,1,1,0,1,1,1
hin_8d275d5da20a6ccd5eb980ea4d3fe537,1,1,1,1,1,1
hin_afe33abd1a7ece88ec07222ba6f8df87,1,1,1,1,1,1
hin_e0e7240c5f48acb816c8f3bd521d5c05,1,1,0,1,1,1
hin_388728d8ad7cd9952a1718f6a9f1f734,1,1,1,1,1,1
hin_cbde8042ebd47f3e89ac0f987e642a13,1,1,0,0,1,1
hin_a8050bffdb185e46dfc7f790fcf8079d,1,1,0,0,1,1
hin_f6a081a8af0bb220d8ea88fd3a1fea07,1,1,0,1,1,1
hin_eff9d147da9edc982954adb1fad9b325,1,1,0,1,1,1
hin_055fa9e145b38d3e99979668655760b0,1,1,0,1,1,1
hin_2f42acf7b6f18dc06db9cd81d271ccd1,1,1,0,1,1,1
hin_ae0691e0d76a814906e81b4e71003467,1,1,0,0,1,1
hin_126e1b54ed4183e4f0442dfd54e5f7f9,1,1,0,1,1,1
hin_0b38e064c540cf96da35fbca4db44abb,1,1,0,1,1,1
hin_a44911759bf369f347cda995ccc8a024,1,1,0,1,1,1
hin_6c32a99a4945d0162b7ca34d08aa1bc8,1,1,1,1,1,1
hin_4b7fda3de33b26585e8e9552b7c48adb,1,1,0,1,1,1
hin_7ded8e6b78751194ac8082f074b83381,1,1,0,1,1,1
hin_1ec488ffbc8e866a979bb3f16feb61e7,1,1,1,1,1,1
hin_f772b194ec0345f50c35e4b20bf33c6d,1,1,0,1,1,1
hin_492c2a91825b3d20a1f6fc48ab8547cb,1,1,0,0,1,1
hin_e0c85813974d4968f1fcb64c0d88fed1,1,1,1,1,1,1
hin_ca089258d7335b68ffc28c86bcad86a5,0,1,0,0,0,1
hin_7aa3683a32f87a1f4fbcaa2e8895bcf2,1,1,0,1,1,1
hin_8ced3321926b6e3f5f8996e0ff3639be,0,0,0,0,0,1
hin_5c4f1216f6de16a1daee8a9d869bbb2c,0,0,0,0,0,1
hin_2e76e48252d5913f7b161970a297d455,0,0,0,0,0,1
hin_a4771a9f3a595c98905d5d74a7fb992a,1,1,0,1,1,1
hin_d6671b746dd20dbe00ac70565f1b2f83,1,1,0,1,1,1
hin_98c650d68c1fa41f005f25cbd7c27ca2,1,1,0,1,1,1
hin_b39581eccea007b3a22b7fd7a8741e13,1,1,1,1,1,1
hin_9dfe1fdeeeb4461b6e0dadc948a096e0,1,1,0,1,1,1
hin_ce0c0fda77b87130736e9b157cd22c63,1,1,0,1,1,1
hin_88418a508eb984ad270d15cdd873c8aa,0,0,0,0,0,0
hin_c672b997f40f938729c386ebd68b4fb2,0,0,0,0,0,0
hin_34a1b3346ed93aa54e3d990aa055cb30,0,0,0,0,0,1
hin_459a165260d490b5c7a815aeb0a9d483,0,1,0,0,1,1
hin_0503f63420fc5ad2a93bc282bf37904a,0,0,0,0,0,0
hin_c66d98ef8182f046f5cd1b54d7821d89,0,0,0,0,0,0
hin_0c1e4c1607cb5412032e8dc4b09c8dd3,0,0,0,0,0,0
hin_8b6369e8802d13d7441bce1620ed8e24,0,0,0,0,0,0
hin_eda54ea174ea7811538c2668e0ffd0bb,0,1,0,0,0,1
hin_be6469af47ce93a388b46b28d4bb1bed,1,1,0,1,1,1
hin_9a47ee380242de2e0493be9a7bfd06e4,1,1,0,1,1,1
hin_fc3b1216edbb0eb08107002215f54f12,1,1,0,1,1,1
hin_4c81f648c6c0589e181613a7e404abcb,1,1,0,1,1,1
hin_4e03d1721d75b627bd58e862f0f6f7b3,1,1,1,1,1,1
hin_bbeffdc5735860a9712d2c3f40243f1c,1,1,0,1,1,1
hin_a1c1e61bfe36c0bcccf2775851771c7f,1,1,0,1,1,1
hin_9d458f966afce1e30a4f7ab8b7d93a07,1,1,0,1,1,1
hin_8a97f38632b585ef2d9ae248b75cb806,1,1,0,1,1,1
hin_7eb2c364e17d1ab4f7236a3d2cd8ecde,1,1,0,1,1,1
hin_a16f731f336bcfad401c44142198da28,1,1,0,1,1,1
hin_61b7ea7121de698537cc286c9d3ac1f7,1,1,0,1,1,1
hin_3b94b9005c4accd63084bbe171d175bc,1,1,0,1,1,1
hin_c31fbce3bd4d85cff9814271512bb002,1,1,0,1,1,1
hin_a5443b6b28822eced764662191af3001,0,1,0,1,1,1
hin_20d89f39a3abec811c1b77a3c9957317,1,1,0,1,1,1
hin_2b4ed92c0ce497924176ed09704aa419,0,1,0,1,1,1
hin_5d1e777e4810fda61e151613b2e6b297,1,1,0,1,1,1
hin_d3eead8cffa54908030c8498f894b6d7,1,1,0,1,1,1
hin_2b9473ebdd441a651f89ef19aaf5a336,1,1,0,1,1,1
hin_6793d25f83b708a95bab493e3d88759b,1,1,0,1,1,1
hin_0fe77728fa47a2268aa5625958a6e2b3,1,1,0,1,1,1
hin_204d6466571e9f6d6a422fdddfc8ef18,1,1,0,1,1,1
hin_e55736dbcf0ef2164ab413cf25086e08,1,1,0,1,1,1
hin_3d87f56b795b16c2b17ba583eaab9af1,0,1,0,0,1,1
hin_5afd076ab5dc3dac4413e31b7fd02741,0,1,0,1,1,1
hin_d8c9b606abbdc10557eb75ef7a57367c,0,1,0,1,1,1
hin_35a3945c2b85c764956f60facea59da8,1,1,0,1,1,1
hin_29f861940a54fdb883ae612adc5fcaec,1,1,0,1,1,1
hin_c1599e36c69efa3322907447c5b5ef97,1,1,0,1,1,1
hin_62ef6abf2d85857fa44e02f5d184424a,0,1,0,1,1,1
hin_d7963d32983293aabc141d301f75db2b,0,0,0,0,0,0
hin_cc62ad2f9f3279b46615eede47d70749,0,0,0,0,0,0
hin_585fd478746337f9cd0b8d4c44defad8,0,0,0,1,0,0
hin_e89038d17b2b00cb2514e27753068a94,0,0,0,0,0,0
hin_90029ffc4f13882b3fa24cd0d96ef49e,1,1,0,1,1,1
hin_33b4cf20b3ff3d4ff3a04b15c60899bc,0,0,0,0,0,0
hin_ecab2fe8bf09bfba85cbc9696ac38861,0,0,0,0,0,0
hin_ed7b22a891a2aca4220c361f605b23d7,0,0,0,0,0,0
hin_d0625ce4b9fcfeb6d65115d3799c1a8b,0,0,0,0,0,0
hin_76a54254ad035c140fee13cd031e7f24,1,1,0,1,1,1
hin_a5ca582c75409084d667bf291f72dbd9,0,0,0,0,0,0
hin_78eff8451ba9203d7d4667f0c9606535,0,0,0,0,0,0
hin_5fb8fa3e4643bbf5a9a84e8433460572,0,0,0,0,0,0
hin_005d5080e852f6810255bb17caa3e05b,0,0,0,0,0,0
hin_8be81503b7cdc594444511ca117064bb,0,1,0,0,1,1
hin_05f9fd189ed0a24d7f4a372247e61890,1,1,0,1,1,1
hin_d2edc807a0b2b3f48378e2b8b589d745,1,1,0,0,1,1
hin_fea2742a18cf1f6c7f2cc5bf1d17325a,1,1,0,1,1,1
hin_67c17b72c06efebd85f040ecfc37af0f,1,1,0,1,1,1
hin_2cea006ba060f60410aa2b0c32632573,1,1,0,1,1,1
hin_1d2efe59fdb1be2f6967893dcbd028e3,1,1,0,0,1,1
hin_777afcee90f6187af606d3189747c587,1,1,1,1,1,1
hin_df90ac08321c99453ad3895be2c7fc1b,1,1,1,1,1,1
hin_4844f36dab04187ba1f83098c9a18686,1,1,1,1,1,1
hin_59d9a42ab4e71404cdcdeb3d68f6083f,1,1,1,1,1,1
hin_2355f8100c1710f2ce3bf607c0759a6e,1,1,1,1,1,1
hin_7922f6a8dab8bca94c144fb6e58b77fd,1,1,1,1,1,1
hin_2bd6fe82480534d0fe5feffec860a6ba,1,1,0,1,1,1
hin_bcb2496a5f18bfb383a9b5a02ca8b585,1,1,1,1,1,1
hin_013b359ea22b49e631d45c340b77fa41,1,1,1,1,1,1
hin_19033642af7b12e5d76b9462392015bd,1,1,0,1,1,1
hin_99aa60076b68f506c4cd0deb82b3c9e0,1,1,0,1,1,1
hin_f246f764ea27ea3e8af11125506d067d,1,1,0,1,1,1
hin_c8515035f3da4172bc1f43adb85f1923,1,1,0,1,1,1
hin_56536368614f26f25b1c908ebc09ba36,1,1,0,1,1,1
hin_2c3a55937f6e1dfef04b7648cdcf4347,1,1,0,0,1,1
hin_663b33bdeab294a4bcf297a4cc3aaf59,1,1,0,1,1,1
hin_7fe83ffd36f2e9f1b5ecdf5e24594589,1,1,1,1,1,1
hin_d098185d6f9b99173caee41f8cb2b188,1,1,0,1,1,1
hin_534588b5b73bccec92bc91fe92eb55f9,1,1,0,1,1,1
hin_c518cc2a029e3d26d359ccf5f0c76128,1,1,1,1,1,1
hin_64293293a0e2975a15abeaa80f175b65,1,1,0,1,1,1
hin_1edc5b164b8f23fc4921349545080fd5,1,1,0,1,1,1
hin_4f5cc5167c7c516f666e5dea239524c3,1,1,0,1,1,1
hin_16ce6cc72b6d809c75004e30b264b417,1,1,0,1,1,1
hin_276a07823dff0cf8f98ee5a376691cd7,1,1,0,1,1,1
hin_d2e9d70dfd34b9307d39cfef38e965de,1,1,1,1,1,1
hin_19aee977bce61fa8b1cf67a126e441b3,1,1,1,1,1,1
hin_584f49ebcca4ff3ead3ff4f2d9caf331,1,1,0,1,1,1
hin_3e28313b41e9b3ebba63bef3c033aaea,1,1,0,1,1,1
